Workbook

Sheet 員工資料
A1: 員工ID | B1: 姓名 | C1: 部門 | D1: 職級 | E1: 到職日期 | F1: 月薪(TWD) | G1: 績效評等 | H1: 年資(年) | I1: 離職日期
A2: EMP10001 | B2: 謝勝閎 | C2: 產品部 | D2: L6 | E2: 42556 | F2: 152000 | G2: C | H2: =DATEDIF(E2,TODAY(),"Y")
A3: EMP10002 | B3: 劉俊廷 | C3: 法務部 | D3: L4 | E3: 44607 | F3: 99000 | G3: C | H3: =DATEDIF(E3,TODAY(),"Y")
A4: EMP10003 | B4: 林文凱 | C4: 行銷部 | D4: L3 | E4: 42713 | F4: 83000 | G4: B | H4: =DATEDIF(E4,TODAY(),"Y") | I4: 44453
A5: EMP10004 | B5: 蔡勝閎 | C5: 法務部 | D5: L2 | E5: 41489 | F5: 49000 | G5: C | H5: =DATEDIF(E5,TODAY(),"Y")
A6: EMP10005 | B6: 邱冠霖 | C6: 行銷部 | D6: L3 | E6: 44781 | F6: 82000 | G6: A | H6: =DATEDIF(E6,TODAY(),"Y")
A7: EMP10006 | B7: 郭碩宇 | C7: 業務部 | D7: L2 | E7: 43811 | F7: 51000 | G7: C | H7: =DATEDIF(E7,TODAY(),"Y")
A8: EMP10007 | B8: 張秀蘭 | C8: 工程部 | D8: L2 | E8: 43688 | F8: 51000 | G8: A | H8: =DATEDIF(E8,TODAY(),"Y")
A9: EMP10008 | B9: 郭秀蘭 | C9: 工程部 | D9: L2 | E9: 44365 | F9: 65000 | G9: B | H9: =DATEDIF(E9,TODAY(),"Y")
A10: EMP10009 | B10: 廖志遠 | C10: 產品部 | D10: L5 | E10: 45417 | F10: 112000 | G10: B | H10: =DATEDIF(E10,TODAY(),"Y") | I10: 45657
A11: EMP10010 | B11: 邱淑惠 | C11: 工程部 | D11: L6 | E11: 42271 | F11: 159000 | G11: C | H11: =DATEDIF(E11,TODAY(),"Y")
A12: EMP10011 | B12: 蔡雅雯 | C12: 業務部 | D12: L5 | E12: 40926 | F12: 111000 | G12: B | H12: =DATEDIF(E12,TODAY(),"Y")
A13: EMP10012 | B13: 楊淑惠 | C13: 財務部 | D13: L3 | E13: 44895 | F13: 82000 | G13: C | H13: =DATEDIF(E13,TODAY(),"Y")
A14: EMP10013 | B14: 林雅婷 | C14: 業務部 | D14: L6 | E14: 41408 | F14: 153000 | G14: C | H14: =DATEDIF(E14,TODAY(),"Y")
A15: EMP10014 | B15: 曾思涵 | C15: 產品部 | D15: L4 | E15: 45259 | F15: 101000 | G15: D | H15: =DATEDIF(E15,TODAY(),"Y")
A16: EMP10015 | B16: 高子豪 | C16: 人資部 | D16: L4 | E16: 42835 | F16: 87000 | G16: B | H16: =DATEDIF(E16,TODAY(),"Y")
A17: EMP10016 | B17: 賴子豪 | C17: 財務部 | D17: L3 | E17: 41580 | F17: 84000 | G17: A | H17: =DATEDIF(E17,TODAY(),"Y")
A18: EMP10017 | B18: 謝冠宇 | C18: 工程部 | D18: L3 | E18: 43482 | F18: 73000 | G18: B | H18: =DATEDIF(E18,TODAY(),"Y")
A19: EMP10018 | B19: 賴宗霖 | C19: 業務部 | D19: L4 | E19: 41503 | F19: 94000 | G19: B | H19: =DATEDIF(E19,TODAY(),"Y") | I19: 43213
A20: EMP10019 | B20: 高俊廷 | C20: 工程部 | D20: L2 | E20: 41994 | F20: 54000 | G20: B | H20: =DATEDIF(E20,TODAY(),"Y")
A21: EMP10020 | B21: 蘇美玲 | C21: 工程部 | D21: L5 | E21: 44498 | F21: 121000 | G21: B | H21: =DATEDIF(E21,TODAY(),"Y")
A22: EMP10021 | B22: 葉宗霖 | C22: 人資部 | D22: L3 | E22: 45452 | F22: 85000 | G22: B | H22: =DATEDIF(E22,TODAY(),"Y")
A23: EMP10022 | B23: 李淑芬 | C23: 工程部 | D23: L6 | E23: 41785 | F23: 139000 | G23: B | H23: =DATEDIF(E23,TODAY(),"Y")
A24: EMP10023 | B24: 羅峻豪 | C24: 工程部 | D24: L3 | E24: 42576 | F24: 71000 | G24: C | H24: =DATEDIF(E24,TODAY(),"Y")
A25: EMP10024 | B25: 何淑芬 | C25: 業務部 | D25: L3 | E25: 41325 | F25: 73000 | G25: D | H25: =DATEDIF(E25,TODAY(),"Y") | I25: 42675
A26: EMP10025 | B26: 郭蕙如 | C26: 法務部 | D26: L2 | E26: 43054 | F26: 58000 | G26: C | H26: =DATEDIF(E26,TODAY(),"Y")
A27: EMP10026 | B27: 蘇敏慧 | C27: 人資部 | D27: L4 | E27: 41525 | F27: 102000 | G27: A | H27: =DATEDIF(E27,TODAY(),"Y")
A28: EMP10027 | B28: 林美玲 | C28: 工程部 | D28: L3 | E28: 42122 | F28: 76000 | G28: B | H28: =DATEDIF(E28,TODAY(),"Y")
A29: EMP10028 | B29: 葉宗霖 | C29: 行銷部 | D29: L3 | E29: 42629 | F29: 66000 | G29: C | H29: =DATEDIF(E29,TODAY(),"Y")
A30: EMP10029 | B30: 莊敏慧 | C30: 工程部 | D30: L3 | E30: 44238 | F30: 82000 | G30: C | H30: =DATEDIF(E30,TODAY(),"Y")
A31: EMP10030 | B31: 陳佩珊 | C31: 法務部 | D31: L5 | E31: 42359 | F31: 117000 | G31: C | H31: =DATEDIF(E31,TODAY(),"Y")
A32: EMP10031 | B32: 羅雅菁 | C32: 工程部 | D32: L4 | E32: 44281 | F32: 95000 | G32: C | H32: =DATEDIF(E32,TODAY(),"Y")
A33: EMP10032 | B33: 林奕辰 | C33: 業務部 | D33: L4 | E33: 41794 | F33: 93000 | G33: B | H33: =DATEDIF(E33,TODAY(),"Y")
A34: EMP10033 | B34: 葉俊傑 | C34: 工程部 | D34: L2 | E34: 42773 | F34: 62000 | G34: B | H34: =DATEDIF(E34,TODAY(),"Y")
A35: EMP10034 | B35: 曾怡君 | C35: 工程部 | D35: L3 | E35: 43195 | F35: 73000 | G35: C | H35: =DATEDIF(E35,TODAY(),"Y")
A36: EMP10035 | B36: 王瑞玲 | C36: 人資部 | D36: L4 | E36: 41135 | F36: 102000 | G36: B | H36: =DATEDIF(E36,TODAY(),"Y") | I36: 42155
A37: EMP10036 | B37: 江柏翰 | C37: 產品部 | D37: L6 | E37: 44468 | F37: 143000 | G37: A | H37: =DATEDIF(E37,TODAY(),"Y")
A38: EMP10037 | B38: 蘇淑貞 | C38: 產品部 | D38: L3 | E38: 42466 | F38: 81000 | G38: A | H38: =DATEDIF(E38,TODAY(),"Y")
A39: EMP10038 | B39: 蕭馨儀 | C39: 法務部 | D39: L1 | E39: 41482 | F39: 38000 | G39: B | H39: =DATEDIF(E39,TODAY(),"Y")
A40: EMP10039 | B40: 葉冠霖 | C40: 工程部 | D40: L4 | E40: 43369 | F40: 106000 | G40: C | H40: =DATEDIF(E40,TODAY(),"Y")
A41: EMP10040 | B41: 謝金鳳 | C41: 財務部 | D41: L3 | E41: 42480 | F41: 74000 | G41: B | H41: =DATEDIF(E41,TODAY(),"Y")
A42: EMP10041 | B42: 何志遠 | C42: 財務部 | D42: L4 | E42: 43374 | F42: 90000 | G42: C | H42: =DATEDIF(E42,TODAY(),"Y")
A43: EMP10042 | B43: 郭金鳳 | C43: 產品部 | D43: L3 | E43: 43548 | F43: 71000 | G43: B | H43: =DATEDIF(E43,TODAY(),"Y")
A44: EMP10043 | B44: 楊昱辰 | C44: 工程部 | D44: L2 | E44: 42299 | F44: 63000 | G44: C | H44: =DATEDIF(E44,TODAY(),"Y")
A45: EMP10044 | B45: 劉俊傑 | C45: 業務部 | D45: L4 | E45: 42833 | F45: 104000 | G45: B | H45: =DATEDIF(E45,TODAY(),"Y")
A46: EMP10045 | B46: 呂俊廷 | C46: 人資部 | D46: L2 | E46: 44801 | F46: 49000 | G46: B | H46: =DATEDIF(E46,TODAY(),"Y")
A47: EMP10046 | B47: 劉敏慧 | C47: 工程部 | D47: L3 | E47: 44054 | F47: 85000 | G47: B | H47: =DATEDIF(E47,TODAY(),"Y")
A48: EMP10047 | B48: 劉佩珊 | C48: 業務部 | D48: L4 | E48: 41782 | F48: 85000 | G48: C | H48: =DATEDIF(E48,TODAY(),"Y")
... A53: EMP10052 | B53: 蘇哲維 | C53: 行銷部 | D53: L4 | E53: 43158 | F53: 100000 | G53: C | H53: =DATEDIF(E53,TODAY(),"Y")
A54: EMP10053 | B54: 劉彥廷 | C54: 行銷部 | D54: L2 | E54: 45333 | F54: 58000 | G54: B | H54: =DATEDIF(E54,TODAY(),"Y") | I54: 45657
A55: EMP10054 | B55: 廖雅雯 | C55: 業務部 | D55: L4 | E55: 44307 | F55: 107000 | G55: B | H55: =DATEDIF(E55,TODAY(),"Y")
A56: EMP10055 | B56: 賴耀德 | C56: 工程部 | D56: L3 | E56: 44099 | F56: 71000 | G56: C | H56: =DATEDIF(E56,TODAY(),"Y")
A57: EMP10056 | B57: 謝冠霖 | C57: 工程部 | D57: L1 | E57: 43790 | F57: 44000 | G57: B | H57: =DATEDIF(E57,TODAY(),"Y")
A58: EMP10057 | B58: 蔡淑貞 | C58: 人資部 | D58: L3 | E58: 42715 | F58: 82000 | G58: C | H58: =DATEDIF(E58,TODAY(),"Y")
A59: EMP10058 | B59: 何雅雯 | C59: 法務部 | D59: L4 | E59: 44221 | F59: 97000 | G59: B | H59: =DATEDIF(E59,TODAY(),"Y")
A60: EMP10059 | B60: 葉佳音 | C60: 工程部 | D60: L5 | E60: 44136 | F60: 129000 | G60: B | H60: =DATEDIF(E60,TODAY(),"Y")
A61: EMP10060 | B61: 蔡彥廷 | C61: 產品部 | D61: L2 | E61: 44691 | F61: 61000 | G61: A | H61: =DATEDIF(E61,TODAY(),"Y")
A62: EMP10061 | B62: 何冠霖 | C62: 行銷部 | D62: L2 | E62: 44014 | F62: 62000 | G62: B | H62: =DATEDIF(E62,TODAY(),"Y")
A63: EMP10062 | B63: 劉麗君 | C63: 工程部 | D63: L3 | E63: 45327 | F63: 67000 | G63: B | H63: =DATEDIF(E63,TODAY(),"Y") | I63: 45657
A64: EMP10063 | B64: 陳芳吟 | C64: 人資部 | D64: L1 | E64: 42934 | F64: 33000 | G64: C | H64: =DATEDIF(E64,TODAY(),"Y")
A65: EMP10064 | B65: 吳雅雯 | C65: 財務部 | D65: L2 | E65: 41846 | F65: 52000 | G65: B | H65: =DATEDIF(E65,TODAY(),"Y")
A66: EMP10065 | B66: 王美玲 | C66: 業務部 | D66: L4 | E66: 41847 | F66: 109000 | G66: B | H66: =DATEDIF(E66,TODAY(),"Y")
A67: EMP10066 | B67: 蘇俊傑 | C67: 產品部 | D67: L2 | E67: 43983 | F67: 48000 | G67: D | H67: =DATEDIF(E67,TODAY(),"Y")
A68: EMP10067 | B68: 徐雪瑩 | C68: 業務部 | D68: L2 | E68: 43379 | F68: 55000 | G68: A | H68: =DATEDIF(E68,TODAY(),"Y")
A69: EMP10068 | B69: 葉婉如 | C69: 工程部 | D69: L4 | E69: 43753 | F69: 103000 | G69: C | H69: =DATEDIF(E69,TODAY(),"Y")
A70: EMP10069 | B70: 張淑貞 | C70: 工程部 | D70: L2 | E70: 44350 | F70: 58000 | G70: A | H70: =DATEDIF(E70,TODAY(),"Y")
A71: EMP10070 | B71: 洪佩珊 | C71: 財務部 | D71: L6 | E71: 44675 | F71: 155000 | G71: C | H71: =DATEDIF(E71,TODAY(),"Y")
A72: EMP10071 | B72: 郭淑貞 | C72: 業務部 | D72: L4 | E72: 45317 | F72: 105000 | G72: B | H72: =DATEDIF(E72,TODAY(),"Y")
A73: EMP10072 | B73: 黃淑芬 | C73: 財務部 | D73: L4 | E73: 42920 | F73: 103000 | G73: B | H73: =DATEDIF(E73,TODAY(),"Y")
A74: EMP10073 | B74: 邱柏翰 | C74: 產品部 | D74: L5 | E74: 44013 | F74: 117000 | G74: C | H74: =DATEDIF(E74,TODAY(),"Y")
A75: EMP10074 | B75: 高文軒 | C75: 產品部 | D75: L3 | E75: 43025 | F75: 71000 | G75: B | H75: =DATEDIF(E75,TODAY(),"Y")
... A85: EMP10084 | B85: 許佩珊 | C85: 業務部 | D85: L2 | E85: 44754 | F85: 48000 | G85: B | H85: =DATEDIF(E85,TODAY(),"Y")
A86: EMP10085 | B86: 謝湘婷 | C86: 業務部 | D86: L6 | E86: 44822 | F86: 143000 | G86: D | H86: =DATEDIF(E86,TODAY(),"Y") | I86: 45482
A87: EMP10086 | B87: 張蕙如 | C87: 工程部 | D87: L2 | E87: 43398 | F87: 49000 | G87: B | H87: =DATEDIF(E87,TODAY(),"Y") | I87: 44388
A88: EMP10087 | B88: 謝啟誠 | C88: 工程部 | D88: L4 | E88: 42757 | F88: 104000 | G88: B | H88: =DATEDIF(E88,TODAY(),"Y")
A89: EMP10088 | B89: 徐雅婷 | C89: 業務部 | D89: L5 | E89: 44421 | F89: 119000 | G89: C | H89: =DATEDIF(E89,TODAY(),"Y")
A90: EMP10089 | B90: 蔡勝閎 | C90: 業務部 | D90: L3 | E90: 42611 | F90: 68000 | G90: D | H90: =DATEDIF(E90,TODAY(),"Y")
A91: EMP10090 | B91: 洪啟誠 | C91: 財務部 | D91: L2 | E91: 41523 | F91: 55000 | G91: B | H91: =DATEDIF(E91,TODAY(),"Y")
A92: EMP10091 | B92: 楊耀德 | C92: 產品部 | D92: L4 | E92: 42805 | F92: 100000 | G92: B | H92: =DATEDIF(E92,TODAY(),"Y")
A93: EMP10092 | B93: 周瑞玲 | C93: 產品部 | D93: L5 | E93: 43076 | F93: 112000 | G93: C | H93: =DATEDIF(E93,TODAY(),"Y")
A94: EMP10093 | B94: 李淑芬 | C94: 業務部 | D94: L4 | E94: 45370 | F94: 91000 | G94: B | H94: =DATEDIF(E94,TODAY(),"Y")
A95: EMP10094 | B95: 何子豪 | C95: 行銷部 | D95: L4 | E95: 43428 | F95: 87000 | G95: A | H95: =DATEDIF(E95,TODAY(),"Y")
A96: EMP10095 | B96: 蔡昱辰 | C96: 人資部 | D96: L5 | E96: 43400 | F96: 124000 | G96: A | H96: =DATEDIF(E96,TODAY(),"Y")
A97: EMP10096 | B97: 莊柏翰 | C97: 產品部 | D97: L4 | E97: 41235 | F97: 99000 | G97: A | H97: =DATEDIF(E97,TODAY(),"Y")
A98: EMP10097 | B98: 葉淑芬 | C98: 工程部 | D98: L4 | E98: 41078 | F98: 85000 | G98: A | H98: =DATEDIF(E98,TODAY(),"Y")
A99: EMP10098 | B99: 王瑞玲 | C99: 財務部 | D99: L3 | E99: 44531 | F99: 70000 | G99: B | H99: =DATEDIF(E99,TODAY(),"Y")
... A105: EMP10104 | B105: 周文軒 | C105: 財務部 | D105: L3 | E105: 44879 | F105: 74000 | G105: B | H105: =DATEDIF(E105,TODAY(),"Y")
A106: EMP10105 | B106: 黃文凱 | C106: 行銷部 | D106: L4 | E106: 45421 | F106: 107000 | G106: B | H106: =DATEDIF(E106,TODAY(),"Y") | I106: 45657
A107: EMP10106 | B107: 李湘婷 | C107: 行銷部 | D107: L6 | E107: 41871 | F107: 138000 | G107: B | H107: =DATEDIF(E107,TODAY(),"Y")
A108: EMP10107 | B108: 邱奕辰 | C108: 業務部 | D108: L5 | E108: 43148 | F108: 119000 | G108: B | H108: =DATEDIF(E108,TODAY(),"Y")
A109: EMP10108 | B109: 曾雅菁 | C109: 業務部 | D109: L2 | E109: 42470 | F109: 65000 | G109: A | H109: =DATEDIF(E109,TODAY(),"Y")
A110: EMP10109 | B110: 江昱辰 | C110: 法務部 | D110: L5 | E110: 44308 | F110: 112000 | G110: B | H110: =DATEDIF(E110,TODAY(),"Y")
A111: EMP10110 | B111: 賴勝閎 | C111: 業務部 | D111: L3 | E111: 43354 | F111: 65000 | G111: B | H111: =DATEDIF(E111,TODAY(),"Y")
A112: EMP10111 | B112: 廖世傑 | C112: 財務部 | D112: L3 | E112: 44876 | F112: 69000 | G112: B | H112: =DATEDIF(E112,TODAY(),"Y")
A113: EMP10112 | B113: 劉子豪 | C113: 業務部 | D113: L3 | E113: 42454 | F113: 79000 | G113: D | H113: =DATEDIF(E113,TODAY(),"Y")
A114: EMP10113 | B114: 江彥廷 | C114: 工程部 | D114: L3 | E114: 44783 | F114: 78000 | G114: A | H114: =DATEDIF(E114,TODAY(),"Y")
A115: EMP10114 | B115: 李昱辰 | C115: 工程部 | D115: L3 | E115: 44966 | F115: 85000 | G115: D | H115: =DATEDIF(E115,TODAY(),"Y")
A116: EMP10115 | B116: 陳碩宇 | C116: 財務部 | D116: L6 | E116: 44515 | F116: 145000 | G116: C | H116: =DATEDIF(E116,TODAY(),"Y") | I116: 45657
A117: EMP10116 | B117: 蘇怡君 | C117: 業務部 | D117: L2 | E117: 43080 | F117: 52000 | G117: A | H117: =DATEDIF(E117,TODAY(),"Y")
A118: EMP10117 | B118: 許翰林 | C118: 業務部 | D118: L4 | E118: 45280 | F118: 95000 | G118: C | H118: =DATEDIF(E118,TODAY(),"Y")
...

Sheet 薪資統計
A1: 部門 | B1: 人數 | C1: 平均月薪 | D1: 最高月薪 | E1: 最低月薪 | F1: 薪資中位數
A2: 工程部 | B2: =COUNTIF(員工資料!C:C,A2) | C2: =IFERROR(AVERAGEIF(員工資料!C:C,A2,員工資料!F:F),0) | D2: =IFERROR(MAXIFS(員工資料!F:F,員工資料!C:C,A2),0) | E2: =IFERROR(MINIFS(員工資料!F:F,員工資料!C:C,A2),0) | F2: =IFERROR(AVERAGEIF(員工資料!C:C,A2,員工資料!F:F),0)
A3: 產品部 | B3: =COUNTIF(員工資料!C:C,A3) | C3: =IFERROR(AVERAGEIF(員工資料!C:C,A3,員工資料!F:F),0) | D3: =IFERROR(MAXIFS(員工資料!F:F,員工資料!C:C,A3),0) | E3: =IFERROR(MINIFS(員工資料!F:F,員工資料!C:C,A3),0) | F3: =IFERROR(AVERAGEIF(員工資料!C:C,A3,員工資料!F:F),0)
A4: 行銷部 | B4: =COUNTIF(員工資料!C:C,A4) | C4: =IFERROR(AVERAGEIF(員工資料!C:C,A4,員工資料!F:F),0) | D4: =IFERROR(MAXIFS(員工資料!F:F,員工資料!C:C,A4),0) | E4: =IFERROR(MINIFS(員工資料!F:F,員工資料!C:C,A4),0) | F4: =IFERROR(AVERAGEIF(員工資料!C:C,A4,員工資料!F:F),0)
A5: 業務部 | B5: =COUNTIF(員工資料!C:C,A5) | C5: =IFERROR(AVERAGEIF(員工資料!C:C,A5,員工資料!F:F),0) | D5: =IFERROR(MAXIFS(員工資料!F:F,員工資料!C:C,A5),0) | E5: =IFERROR(MINIFS(員工資料!F:F,員工資料!C:C,A5),0) | F5: =IFERROR(AVERAGEIF(員工資料!C:C,A5,員工資料!F:F),0)
A6: 人資部 | B6: =COUNTIF(員工資料!C:C,A6) | C6: =IFERROR(AVERAGEIF(員工資料!C:C,A6,員工資料!F:F),0) | D6: =IFERROR(MAXIFS(員工資料!F:F,員工資料!C:C,A6),0) | E6: =IFERROR(MINIFS(員工資料!F:F,員工資料!C:C,A6),0) | F6: =IFERROR(AVERAGEIF(員工資料!C:C,A6,員工資料!F:F),0)
A7: 財務部 | B7: =COUNTIF(員工資料!C:C,A7) | C7: =IFERROR(AVERAGEIF(員工資料!C:C,A7,員工資料!F:F),0) | D7: =IFERROR(MAXIFS(員工資料!F:F,員工資料!C:C,A7),0) | E7: =IFERROR(MINIFS(員工資料!F:F,員工資料!C:C,A7),0) | F7: =IFERROR(AVERAGEIF(員工資料!C:C,A7,員工資料!F:F),0)
A8: 法務部 | B8: =COUNTIF(員工資料!C:C,A8) | C8: =IFERROR(AVERAGEIF(員工資料!C:C,A8,員工資料!F:F),0) | D8: =IFERROR(MAXIFS(員工資料!F:F,員工資料!C:C,A8),0) | E8: =IFERROR(MINIFS(員工資料!F:F,員工資料!C:C,A8),0) | F8: =IFERROR(AVERAGEIF(員工資料!C:C,A8,員工資料!F:F),0)
A9: 全體合計 | B9: =SUM(B2:B8) | C9: =AVERAGE(員工資料!F2:F201) | D9: =MAX(員工資料!F2:F201) | E9: =MIN(員工資料!F2:F201) | F9: =MEDIAN(員工資料!F2:F201)

Sheet 績效分布
A1: 部門 | B1: A級人數 | C1: B級人數 | D1: C級人數 | E1: D級人數 | F1: 總人數 | G1: A率% | H1: B率%
A2: 工程部 | B2: =COUNTIFS(員工資料!C:C,A2,員工資料!G:G,"A") | C2: =COUNTIFS(員工資料!C:C,A2,員工資料!G:G,"B") | D2: =COUNTIFS(員工資料!C:C,A2,員工資料!G:G,"C") | E2: =COUNTIFS(員工資料!C:C,A2,員工資料!G:G,"D") | F2: =SUM(B2:E2) | G2: =IFERROR(B2/F2,0) | H2: =IFERROR(C2/F2,0)
A3: 產品部 | B3: =COUNTIFS(員工資料!C:C,A3,員工資料!G:G,"A") | C3: =COUNTIFS(員工資料!C:C,A3,員工資料!G:G,"B") | D3: =COUNTIFS(員工資料!C:C,A3,員工資料!G:G,"C") | E3: =COUNTIFS(員工資料!C:C,A3,員工資料!G:G,"D") | F3: =SUM(B3:E3) | G3: =IFERROR(B3/F3,0) | H3: =IFERROR(C3/F3,0)
A4: 行銷部 | B4: =COUNTIFS(員工資料!C:C,A4,員工資料!G:G,"A") | C4: =COUNTIFS(員工資料!C:C,A4,員工資料!G:G,"B") | D4: =COUNTIFS(員工資料!C:C,A4,員工資料!G:G,"C") | E4: =COUNTIFS(員工資料!C:C,A4,員工資料!G:G,"D") | F4: =SUM(B4:E4) | G4: =IFERROR(B4/F4,0) | H4: =IFERROR(C4/F4,0)
A5: 業務部 | B5: =COUNTIFS(員工資料!C:C,A5,員工資料!G:G,"A") | C5: =COUNTIFS(員工資料!C:C,A5,員工資料!G:G,"B") | D5: =COUNTIFS(員工資料!C:C,A5,員工資料!G:G,"C") | E5: =COUNTIFS(員工資料!C:C,A5,員工資料!G:G,"D") | F5: =SUM(B5:E5) | G5: =IFERROR(B5/F5,0) | H5: =IFERROR(C5/F5,0)
A6: 人資部 | B6: =COUNTIFS(員工資料!C:C,A6,員工資料!G:G,"A") | C6: =COUNTIFS(員工資料!C:C,A6,員工資料!G:G,"B") | D6: =COUNTIFS(員工資料!C:C,A6,員工資料!G:G,"C") | E6: =COUNTIFS(員工資料!C:C,A6,員工資料!G:G,"D") | F6: =SUM(B6:E6) | G6: =IFERROR(B6/F6,0) | H6: =IFERROR(C6/F6,0)
A7: 財務部 | B7: =COUNTIFS(員工資料!C:C,A7,員工資料!G:G,"A") | C7: =COUNTIFS(員工資料!C:C,A7,員工資料!G:G,"B") | D7: =COUNTIFS(員工資料!C:C,A7,員工資料!G:G,"C") | E7: =COUNTIFS(員工資料!C:C,A7,員工資料!G:G,"D") | F7: =SUM(B7:E7) | G7: =IFERROR(B7/F7,0) | H7: =IFERROR(C7/F7,0)
A8: 法務部 | B8: =COUNTIFS(員工資料!C:C,A8,員工資料!G:G,"A") | C8: =COUNTIFS(員工資料!C:C,A8,員工資料!G:G,"B") | D8: =COUNTIFS(員工資料!C:C,A8,員工資料!G:G,"C") | E8: =COUNTIFS(員工資料!C:C,A8,員工資料!G:G,"D") | F8: =SUM(B8:E8) | G8: =IFERROR(B8/F8,0) | H8: =IFERROR(C8/F8,0)
A9: 全體 | B9: =COUNTIF(員工資料!G:G,"A") | C9: =COUNTIF(員工資料!G:G,"B") | D9: =COUNTIF(員工資料!G:G,"C") | E9: =COUNTIF(員工資料!G:G,"D") | F9: =SUM(B9:E9) | G9: =IFERROR(B9/F9,0) | H9: =IFERROR(C9/F9,0)
